N,ntracks,q16,q50,q84,sigma_log10M
3,677,-0.8515614484507779,-0.17079849409160985,0.29803569262705154,0.5747985705389147
4,677,-0.6255924425619532,-0.1100957992027034,0.24383351847931206,0.4347129805206327
5,677,-0.4487717324583776,-0.08224413567376665,0.20309902237693941,0.3259353774176585
6,677,-0.3994808718190167,-0.06985347391963437,0.1894968497073608,0.29448886076318875
7,677,-0.3303212600463594,-0.06381590348986244,0.16948577427399764,0.24990351716017853
8,677,-0.3071316879414377,-0.06111294233502029,0.13894384194849607,0.22303776494496688
9,677,-0.2775647432073889,-0.05260537899334672,0.15006118662483933,0.21381296491611412
10,677,-0.2603172460786688,-0.042710251318684556,0.12867631868845866,0.19449678238356372
11,677,-0.2215086274704681,-0.04146075534238669,0.12658988200446925,0.17404925473746868
12,677,-0.20060214643350555,-0.03486460047933804,0.11002050689361316,0.15531132666355935
13,677,-0.1858685484779457,-0.022535167976137416,0.11560879605604177,0.15073867226699372
14,677,-0.1760088447415506,-0.02319499068198283,0.10747993446602572,0.14174438960378816
15,677,-0.17383786229847048,-0.019930811445563634,0.10232114441521697,0.1380795033568437
16,677,-0.14878433292706866,-0.012122269859148105,0.09552030627675764,0.12215231960191315
17,677,-0.13146779998498126,-0.009143706157919596,0.08937930760258773,0.11042355379378449
18,677,-0.1208081417533807,-0.007729269420904572,0.07907883557366127,0.09994348866352099
19,677,-0.11509227694893034,-0.004999457818973596,0.06917352289800974,0.09213289992347004
20,677,-0.10625459384893823,-0.004265198143428961,0.06582406840921282,0.08603933112907552
21,677,-0.09935449084398044,0.0,0.06624304105700497,0.08279876595049271
22,627,-0.09368645981303268,0.0,0.06507547294219793,0.0793809663776153
23,579,-0.09492035199108613,0.0,0.05919038288433219,0.07705536743770916
24,531,-0.09359142180395388,0.0,0.06391329387318052,0.07875235783856721
25,491,-0.09277961355099221,0.0,0.0645932038370503,0.07868640869402126
26,457,-0.0847746913841722,0.0,0.056617220114328466,0.07069595574925033
27,428,-0.08237859140365343,0.0,0.05886578244277736,0.0706221869232154
28,403,-0.08431737111460434,0.0,0.055312626293156635,0.06981499870388048
29,372,-0.08667388510477793,0.0,0.05102249578348107,0.0688481904441295
30,348,-0.08664386321326105,0.0,0.05237824830023165,0.06951105575674635
31,332,-0.08708023789619225,0.0,0.05183802891962812,0.06945913340791018
32,311,-0.092022058395726,0.0,0.0509946574975444,0.0715083579466352
33,295,-0.08839653603401246,0.0,0.04730941993677167,0.06785297798539207
34,279,-0.07777648403338218,0.0,0.047375883788424875,0.06257618391090353
35,265,-0.0830213892528021,0.0,0.047477456991749885,0.065249423122276
36,250,-0.08776005539291502,0.0,0.046162814115583685,0.06696143475424936
37,240,-0.08495557811569782,0.0,0.03999004283273222,0.06247281047421502
38,225,-0.08655334538444996,0.0,0.04229287949203417,0.06442311243824206
39,219,-0.08456219450300095,-0.002032559628160513,0.03704785904452855,0.06080502677376475
40,209,-0.07159552017534565,-0.0020289874417969145,0.038182031307326836,0.05488877574133624
41,200,-0.07209440430707723,-0.002631584021557387,0.03995695315321696,0.05602567873014709
42,195,-0.0728796957844581,-0.0010358207184193446,0.03848637913783423,0.05568303746114617
43,191,-0.06854812840787439,-0.0042879950913050635,0.03754539372473607,0.05304676106630523
44,186,-0.06960071900589071,-0.008129794778222177,0.03614984110906612,0.052875280057478415
45,179,-0.07516268095334964,-0.005384300610113968,0.032155325396519795,0.053659003174934716
46,169,-0.06718111258572748,-0.008434457691757657,0.03553766224569921,0.051359387415713345
47,162,-0.06240257687797616,-0.004861618070754581,0.03695388885394688,0.04967823286596152
48,154,-0.068423222718258,-0.010554650845128855,0.03463615439322506,0.051529688555741526
49,151,-0.06475783728529194,-0.007343107109605285,0.029543483546481397,0.04715066041588667
50,144,-0.0563352618985227,-0.007578971638595,0.03321232513622895,0.04477379351737583
51,136,-0.05542812063679001,-0.006004498277107473,0.030572112215262223,0.043000116426026115
52,130,-0.0555688641715534,0.0,0.029419664732699215,0.042494264452126305
53,122,-0.06666079223080175,-0.004449955004523609,0.031118971693227592,0.04888988196201467
54,118,-0.0590797606691816,-0.004679953724577857,0.026393560217887923,0.04273666044353476
55,115,-0.05534884719851206,-0.005678119628534262,0.022532309992092627,0.038940578595302346
56,110,-0.05325813111622651,-0.00864811416951028,0.022673975226951207,0.037966053171588854
57,106,-0.057957556790726984,-0.006562290701514151,0.024253474194749814,0.0411055154927384
58,101,-0.06131368924705072,-0.00022593887381994193,0.025701552408136763,0.04350762082759374
59,98,-0.04920519418662749,-0.004508395537519583,0.027066487326104255,0.03813584075636588
60,90,-0.044028615709043706,-0.0010364504055164758,0.02726469586967887,0.035646655789361284
61,85,-0.05021439114374601,-0.006135709096945163,0.02740654571819896,0.03881046843097249
62,83,-0.042847654440312154,-0.0008567863905195594,0.02705102623597879,0.03494934033814547
63,83,-0.045198049079793634,-0.0020838927574704513,0.0323939055936642,0.03879597733672892
64,79,-0.04423453873851045,0.0,0.028492077884349435,0.03636330831142994
65,77,-0.0499408471058684,0.0010567498499156613,0.026352760923983417,0.03814680401492591
66,76,-0.054156507830043665,-0.002761358846162132,0.028368538876074822,0.041262523353059244
67,75,-0.04778552301837657,-0.005697587032059914,0.024426860282212384,0.036106191650294474
68,74,-0.04411623058618325,-0.005654575978516263,0.022974509239991222,0.033545369913087236
69,70,-0.04407864733057892,-0.008983201934865903,0.02290969159221227,0.03349416946139559
70,69,-0.04563301636862484,-0.007101967476806692,0.018209350911328023,0.03192118363997643
71,68,-0.045565919101986194,-0.006173626839982127,0.017345526780701805,0.031455722941344
72,67,-0.04202072853436355,-0.006154377718855741,0.013258012195923142,0.027639370365143343
73,62,-0.036563419694578554,-0.004773426096437383,0.013051645362199833,0.024807532528389194
74,59,-0.04485430882432205,-0.007238940636076663,0.01461902496851799,0.02973666689642002
75,57,-0.04768984203165203,-0.00561344322665569,0.01404192073963081,0.03086588138564142
76,56,-0.05274769056657255,-0.006466349789929993,0.01729296629932227,0.03502032843294741
77,54,-0.047340390321682975,-0.007065073376656628,0.021710938959478964,0.03452566464058097
78,52,-0.04749066007869509,-0.007361619226963434,0.020858417496170803,0.03417453878743294
79,50,-0.03883532213846415,-0.010911453759210765,0.019858495133910085,0.029346908636187115
80,47,-0.03436940180426788,-0.010256416076012798,0.01822133663001118,0.02629536921713953
81,46,-0.032431224123570246,-0.007096664275297648,0.021731995196937238,0.02708160966025374
82,45,-0.03909746617785359,-0.0066751538733917926,0.024373904706348034,0.031735685442100814
83,45,-0.04061183580431923,-0.007058631989290021,0.02131569611938709,0.030963765961853157
84,43,-0.03557977969471253,-0.004811032355473088,0.0218749267372138,0.028727353215963165
85,41,-0.04326147664177746,-0.004099136494106759,0.017302394613655292,0.030281935627716375
86,41,-0.04785002058759282,-0.004008047129953951,0.01399770775325209,0.030923864170422456
87,40,-0.04426141949948992,-0.0035780505060039047,0.015718586009839854,0.029990002754664888
88,40,-0.031085775467213566,-0.0005224742650957737,0.014174259498215196,0.02263001748271438
89,38,-0.0282148793227438,-0.0031275049954304635,0.014508337595984811,0.021361608459364304
90,36,-0.03495191253743818,-0.004143720281264862,0.01269861564310161,0.023825264090269895
91,34,-0.03464398169213353,-0.0020975241431662184,0.01369358314681548,0.024168782419474504
92,33,-0.02597928116447143,-0.0051699824263167216,0.015904516597326147,0.02094189888089879
93,33,-0.026943573094891773,-0.006228059054672386,0.01670681871193004,0.021825195903410907
94,33,-0.029618389614628527,-0.002847244500273405,0.01487957870873771,0.022248984161683118
95,32,-0.030713404532881797,-0.008505403187919036,0.016740234109937326,0.023726819321409562
96,32,-0.03651946049472123,-0.0044292211835266215,0.015809999680000287,0.02616473008736076
97,32,-0.037633223648825764,-0.00561434451662457,0.013544650548125219,0.02558893709847549
98,31,-0.03943913779315693,-0.0038736302880959528,0.010207494102409242,0.024823315947783087
99,30,-0.03926684647269006,-0.0052489614807162965,0.01674852363887652,0.028007685055783292
100,30,-0.03725772114327299,-0.007058768803733351,0.02001612403293869,0.02863692258810584
101,29,-0.03206878701496315,-0.0021953153718357044,0.020446322828504643,0.026257554921733896
102,29,-0.0260425833304307,-0.0006775366686664341,0.0156493441638009,0.020845963747115802
103,27,-0.02878513075946195,-0.002037122641539213,0.013565455725487893,0.02117529324247492
104,27,-0.024868398475905877,-0.0026382350219797956,0.018345366747054257,0.02160688261148007
105,26,-0.03023481463871036,-0.005407585026478756,0.015475528205692868,0.022855171422201614
106,26,-0.02885761078687743,-0.000905375526839336,0.01933496625941622,0.024096288523146825
107,25,-0.029378387787182304,-0.002558169536614585,0.017952711883869273,0.02366554983552579
108,24,-0.026178592710271998,-0.00031744428272073577,0.0208236135044956,0.0235011031073838
109,22,-0.027615857970085003,-0.003564531014223604,0.032617095880609466,0.030116476925347233
110,21,-0.029310822282875647,-0.005898431918694769,0.0315328678917073,0.030421845087291472
111,21,-0.02454603841858898,-0.001437871252829126,0.027062683339405084,0.025804360878997033
112,19,-0.023945879457919688,0.0011634313649402372,0.028208010884238903,0.026076945171079294
113,19,-0.028317682803243045,0.0036017836787021196,0.03921046729481567,0.033764075049029355
114,19,-0.023189972159624476,0.0007479940995587242,0.037555626832671794,0.030372799496148135
115,17,-0.02631357274903209,0.0,0.03340312703059155,0.02985834988981182
116,15,-0.02655213807124106,-0.0029779111047520956,0.02990923757606872,0.02823068782365489
117,15,-0.020137203256254423,-0.0034582284246127415,0.026169489229573913,0.023153346242914166
118,15,-0.015892664897318835,0.003627565392140042,0.02359612846950121,0.01974439668341002
119,15,-0.00656004361261104,0.0008620559508258907,0.026329418728676116,0.01644473117064358
120,14,-0.009565153224239752,0.005265829674323541,0.03368119751529619,0.02162317536976797
121,14,-0.01456023421190764,0.005872885554791374,0.03240416980252775,0.023482202007217696
122,13,-0.01061794668167302,0.01018950531626217,0.029353582330626227,0.019985764506149625
123,13,-0.015315573396838787,0.004342756138939308,0.024013205611159594,0.01966438950399919
124,13,-0.017163267076750727,0.010629566048457662,0.018751760908846223,0.017957513992798477
125,13,-0.015735730379554128,0.008519150585984292,0.01980572343620061,0.01777072690787737
126,13,-0.013374200457489636,0.009014581515200959,0.01985666680854266,0.016615433633016145
127,13,-0.011887007777661085,0.008198546053801437,0.02023618212450451,0.016061594951082798
128,13,-0.0108766930743775,0.00628118548020673,0.02636114637377311,0.018618919724075304
129,13,-0.015874849527607822,0.002320457342440463,0.026954761237833153,0.02141480538272049
130,13,-0.017758163316550297,0.007624198270777427,0.023695544162509494,0.020726853739529896
131,13,-0.0150178252328611,0.0062241354322996045,0.027190323755154892,0.021104074494007995
132,13,-0.01922825963304497,0.006052834193658541,0.026639802324957457,0.022934030979001215
133,13,-0.015542746924848246,0.005784091935968405,0.026356555063722312,0.02094965099428528
134,13,-0.01640285199181939,0.005625268557629681,0.021855156045986705,0.019129004018903047
135,13,-0.021178773404830622,0.0026045050495024924,0.02084953432250117,0.021014153863665896
136,13,-0.036020568116638,0.0006810508515950886,0.0174341812074416,0.0267273746620398
137,13,-0.02020287313426373,0.0008789344055220027,0.021218310647653314,0.020710591890958523
138,12,-0.022490856669006406,0.002646595424397269,0.02338129840847508,0.022936077538740742
139,12,-0.0206600608911085,0.0005424474856550177,0.022067272200878705,0.0213636665459936
140,12,-0.018088993246262175,-0.0008032879118626823,0.020030445995842003,0.019059719621052088
141,12,-0.019987452318455043,-0.0017662879276336696,0.01672282838375246,0.01835514035110375
142,12,-0.020598294331205125,-0.0006062432899849313,0.01650958348561865,0.018553938908411886
143,12,-0.018064829720433905,0.00698735296965225,0.02007788023167578,0.01907135497605484
144,12,-0.018842594347114598,0.012167416353175753,0.01915751123586844,0.01900005279149152
145,12,-0.022264761005429037,0.008346950827702315,0.01851628975328694,0.02039052537935799
146,12,-0.026693071737769997,0.00456711043384761,0.015077424474270984,0.02088524810602049
147,12,-0.028776261028017062,0.0026363519233889576,0.013046561401781035,0.020911411214899048
148,12,-0.018455115063283144,0.00029690979310004195,0.015676107111996133,0.01706561108763964
149,11,-0.019995061208185658,5.5363738422187225e-05,0.01465364918043193,0.017324355194308794
150,11,-0.023150775905782336,-0.0041528592126578445,0.013946517156846387,0.018548646531314363
151,11,-0.025057830088287145,-0.00039784435132084184,0.013279591994251664,0.019168711041269403
152,11,-0.027704769657762536,0.0,0.010469572101712649,0.019087170879737592
153,10,-0.03384494832841341,-0.008519615840646644,0.011188259112142511,0.02251660372027796
154,10,-0.0424621777660078,-0.009372148577126538,0.011342238274719276,0.02690220802036354
155,10,-0.04456787448240505,-0.00837503533578765,0.011436989228364496,0.02800243185538477
156,10,-0.04802314611646736,-0.010438188455883513,0.009242137344256204,0.028632641730361782
157,10,-0.045224281522557634,-0.009204551890276136,0.007510388669187901,0.026367335095872767
158,9,-0.05136354966922824,-0.018108364269398436,0.008598542243057209,0.029981045956142722
159,9,-0.052484677162260095,-0.011663817602414639,0.007242559973919497,0.029863618568089795
160,9,-0.04780517015225101,-0.008717948345276838,0.004434634799782557,0.026119902476016785
161,9,-0.04500523040271602,-0.013066624648326197,0.0018889924121599931,0.023447111407438007
162,9,-0.046987751596115145,-0.012190797292893407,0.0041574139657152625,0.025572582780915204
163,9,-0.04520704788134793,-0.01628990431701105,0.0013511215781642238,0.023279084729756077
164,9,-0.0433741982695556,-0.011922104820918378,0.0003867070648383452,0.021880452667196973
165,9,-0.04570924979630306,-0.015195539996142315,-0.0005651784565906615,0.0225720356698562
166,9,-0.0425230104995746,-0.014360389118863282,0.003099307724622799,0.0228111591120987
167,9,-0.04040755592574669,-0.01661853678993097,0.001693045235259585,0.02105030058050314
168,9,-0.03660097190875398,-0.013867802611343905,0.0015469721908478772,0.01907397204980093
169,9,-0.037668158637596885,-0.016004872777676482,-0.00034366025033520913,0.01866224919363084
170,9,-0.04042067979478638,-0.01693899527622733,0.0011370246508508285,0.020778852222818604
171,9,-0.04267867565875747,-0.018856895530033668,0.00683898183512411,0.02475882874694079
172,9,-0.043568049005961174,-0.015356158295501743,0.008746983326276945,0.026157516166119058
173,9,-0.03724987715303769,-0.018077125774158986,0.006237412824725792,0.02174364498888174
174,9,-0.033020259759181554,-0.016854509469684587,0.005138762023223931,0.019079510891202744
175,9,-0.032019269196559466,-0.01722787768175138,0.0025986278645687114,0.01730894853056409
176,9,-0.03077156717692709,-0.013751528201309426,0.0018168506598121319,0.01629420891836961
177,9,-0.03195610190644693,-0.00846639945172889,0.0001427127803268033,0.01604940734338687
178,9,-0.03433657464243424,-0.007928838529297266,0.002714992321649063,0.01852578348204165
179,9,-0.03079151277729679,-0.011749242948440042,0.0012366470415172155,0.016014079909407
180,9,-0.032740084198433335,-0.013112361936203243,-0.0017056509278459942,0.01551721663529367
181,9,-0.03372071781067845,-0.016209770453977868,-0.0005532214025335951,0.016583748204072428
182,9,-0.03595389975407301,-0.018390734574674994,7.140803578025118e-05,0.01801265389492663
183,9,-0.03723825167137576,-0.016804696313959866,0.0023071101117222523,0.019772680891549006
184,9,-0.03986582808028587,-0.014643748317611838,0.0038686060330381604,0.021867217056662013
185,9,-0.041162048559668776,-0.011602751255884058,0.003515072984282027,0.0223385607719754
186,9,-0.04192495455177351,-0.013102587160528145,0.00183738413099391,0.02188116934138371
187,9,-0.045557585327820505,-0.013315121322433399,-0.0005728413285019949,0.022492371999659255
188,9,-0.04675573889594922,-0.009272858255936711,0.0015006259881815234,0.024128182442065372
189,9,-0.044212793015756514,-0.008083050836232175,-0.0020608076255971513,0.021075992695079683
190,8,-0.04457765459447643,-0.015762054311226237,-0.004524317869033823,0.020026668362721302
191,8,-0.04313075797519538,-0.01822046754290696,-0.0074865456572235445,0.01782210615898592
192,8,-0.04119444314451421,-0.019421228251024658,-0.005498113723742719,0.017848164710385746
193,8,-0.037015056969364434,-0.021819666096618562,0.002316682628489771,0.0196658697989271
194,8,-0.03628577913791353,-0.020506788200571613,-0.0007191662057622502,0.017783306466075642
195,8,-0.035669342833273984,-0.020685363296436776,0.0015848926251601355,0.01862711772921706
196,8,-0.036740729489376206,-0.020994598952014165,0.002600724119652538,0.01967072680451437
197,8,-0.033654058034293256,-0.019850847386853054,0.0063718749177773025,0.02001296647603528
198,8,-0.03391829738938881,-0.01725503219191804,0.006328533208650169,0.020123415299019492
199,8,-0.028220040864022664,-0.020429188334169623,0.0050165505249970006,0.016618295694509833
200,8,-0.0299833093483673,-0.020937021042288784,0.0035584996612202957,0.016770904504793797
201,8,-0.0324589229691,-0.020750804183220062,0.003067509634045962,0.017763216301572984
202,8,-0.03518604926225294,-0.022265520699124686,0.003703376442192265,0.0194447128522226
203,8,-0.03490607317529758,-0.019137912737464013,0.003773879504221824,0.0193399763397597
204,8,-0.03023414612202437,-0.015189921828236308,0.005007804888388776,0.01762097550520657
205,8,-0.030232474944597954,-0.01648279483177184,0.002917370397718386,0.01657492267115817
206,8,-0.023393068824209707,-0.016608881384810203,0.004706866415073918,0.014049967619641812
207,8,-0.02530620284983911,-0.012822358156790337,0.0036542006860188535,0.01448020176792898
208,8,-0.019476695820978805,-0.012456588124894807,0.005773237239636231,0.012624966530307518
209,8,-0.0196308567411765,-0.013597449604267453,0.0024002587220753923,0.011015557731625946
210,8,-0.021781197981213297,-0.01512032817954978,0.0039322214216919345,0.012856709701452616
211,8,-0.020868667542858432,-0.01637196685896214,0.00409031975875294,0.012479493650805687
212,8,-0.02220604704586293,-0.01906010335352537,0.003130589537077739,0.012668318291470335
213,8,-0.02104055050886011,-0.008490671916411507,0.0008742911922152529,0.010957420850537681
214,8,-0.021397994059353494,-0.009315567956166504,0.0022127300486981484,0.011805362054025822
215,8,-0.02020896020900885,-0.006397229059736276,0.002581777836960981,0.011395369022984915
216,8,-0.021019115893274078,-0.007467899981071113,0.0021404613695687395,0.011579788631421409
217,8,-0.022100183070883545,-0.005617671545908642,0.001137778782456848,0.011618980926670196
218,8,-0.016221966412512927,-0.0052506348539598235,0.001252625575636017,0.008737295994074473
219,8,-0.011838594829057669,-0.0072857889136042076,0.0038797401946945335,0.0078591675118761
220,8,-0.014189563560614857,-0.0038722723253883373,0.007058696601361233,0.010624130080988045
221,8,-0.014854563640575904,-0.0053640633226681445,0.005381808867805801,0.010118186254190854
222,7,-0.01874080688963275,-0.007829621762438066,0.005488356388912195,0.012114581639272473
223,7,-0.014974904035587997,-0.008353898600192977,0.002916298095180281,0.008945601065384138
224,7,-0.012914329545313807,-0.00784306739376106,0.0004079722321395,0.006661150888726653
225,6,-0.014916364883144694,-0.00909118781708429,-0.003115421993091869,0.0059004714450264124
226,6,-0.017237060483352096,-0.008989873776588553,-0.0044831019151057895,0.0063769792841231535
227,6,-0.016530326090788704,-0.008482842544403901,-0.0014320223977176013,0.007549151846535551
228,6,-0.019116928933379997,-0.007095173738451699,-0.0024962443330917225,0.008310342300144137
229,6,-0.01919018083970343,-0.007910062564770115,-0.003338280793350989,0.00792595002317622
230,6,-0.020116834921842398,-0.00801395049685727,-0.0019036268930129547,0.009106604014414722
231,6,-0.01846128417182804,-0.007645714959637395,-0.004569642135312434,0.006945821018257803
232,6,-0.01690808155862129,-0.007595165425920314,-0.0025805214531320784,0.007163780052744605
233,6,-0.0157857809785412,-0.0074374222301401005,-0.004027075011714487,0.005879352983413356
234,6,-0.0173969851535535,-0.009637987901553124,0.0018690737073075788,0.00963302943043054
235,6,-0.013256891526912184,-0.008250481630671658,-0.00022670296298592414,0.00651509428196313
236,6,-0.014676437290761157,-0.00823956697213113,0.0009240832185586367,0.007800260254659897
237,6,-0.012841284376006356,-0.008363330165123806,-0.000558903526128417,0.00614119042493897
238,6,-0.01349043701299557,-0.009693889794445631,-1.659586176039232e-05,0.00673692057561759
239,6,-0.015098722898720496,-0.00790278318984683,0.00032873294275965917,0.007713727920740077
240,6,-0.013029952274433753,-0.005947555567598073,0.001231181701896845,0.007130566988165299
241,6,-0.011238911971354425,-0.0026368711650892607,0.0010086195056874924,0.0061237657385209586
242,6,-0.012054932442378785,-0.003550066455406231,0.003312574175891925,0.007683753309135355
243,6,-0.009730518583413427,0.0004220369025782489,0.004722469582165445,0.007226494082789437
244,6,-0.007437188494352753,-0.002283007342563259,0.004158229969943861,0.005797709232148307
245,6,-0.008357260359760588,0.0010471172684534125,0.003240472115441762,0.005798866237601175
246,5,-0.008911821385213941,-0.0006911292523508195,0.003452680636928775,0.006182251011071358
247,5,-0.011221744689117089,6.327607054146256e-05,0.0021848670027229387,0.006703305845920013
248,5,-0.013847623477255268,-0.0016207955383986672,0.0016346204089047233,0.007741121943079996
249,5,-0.01388512799918189,-0.0012982213348138316,0.0006208216458821164,0.007252974822532003
250,5,-0.01550493219153104,-0.002888579734280583,0.0020510962058587967,0.008778014198694919
251,5,-0.016622143440356965,-0.002745800715027613,0.00783031548691035,0.012226229463633657
252,5,-0.016513705491443247,-0.0004973360882054578,0.006238649380185634,0.011376177435814441
253,5,-0.018164800683084934,-0.0006175506973722378,0.005398784415520409,0.011781792549302672
254,5,-0.01788806562878122,0.0011772489335317715,0.010722247428613442,0.014305156528697332
255,5,-0.01923852937289439,0.0018955463437286824,0.009867516349831148,0.014553022861362768
256,5,-0.019668207785116038,0.00036260372206697866,0.00765920782164315,0.013663707803379594
257,5,-0.019496704051902326,0.0006663819392898063,0.006785881241542384,0.013141292646722355
258,5,-0.018690751431542908,0.00025008806175996767,0.004387602878073977,0.011539177154808442
259,5,-0.021293574177605877,-1.707607735212946e-06,0.0028668055103398867,0.012080189843972883
260,5,-0.02183720979116778,-0.002384704878206634,0.004670323894098586,0.013253766842633182
261,5,-0.022792816832037557,-0.0012775686386365948,0.003345577213830352,0.013069197022933954
262,5,-0.022979777809361578,-0.00036441213802085315,0.003236445777266396,0.013108111793313986
263,5,-0.01999147134284115,-0.0017179863317284827,0.006297261193551904,0.013144366268196529
264,5,-0.021714550641852313,-0.0033691272191589405,0.0059316191132545975,0.013823084877553456
265,5,-0.022429046093549232,-0.003909354590778236,0.005033911352389708,0.01373147872296947
266,5,-0.024746353886322153,-0.0049915868876908576,0.006539158280018568,0.01564275608317036
267,5,-0.02163293193387247,0.0,0.007553627979361295,0.014593279956616882
268,4,,,,
269,4,,,,
270,4,,,,
271,4,,,,
272,4,,,,
273,4,,,,
274,4,,,,
275,4,,,,
276,4,,,,
277,4,,,,
278,4,,,,
279,4,,,,
280,4,,,,
281,4,,,,
282,4,,,,
283,4,,,,
284,4,,,,
285,4,,,,
286,4,,,,
287,4,,,,
288,4,,,,
289,4,,,,
290,4,,,,
291,4,,,,
292,4,,,,
293,4,,,,
294,4,,,,
295,4,,,,
296,4,,,,
297,4,,,,
298,4,,,,
299,4,,,,
300,3,,,,
301,3,,,,
302,3,,,,
303,3,,,,
304,3,,,,
305,3,,,,
306,3,,,,
307,3,,,,
308,3,,,,
309,3,,,,
310,3,,,,
311,3,,,,
312,3,,,,
313,3,,,,
314,3,,,,
315,3,,,,
316,3,,,,
317,3,,,,
318,3,,,,
319,3,,,,
320,3,,,,
321,3,,,,
322,3,,,,
323,3,,,,
324,3,,,,
325,3,,,,
326,3,,,,
327,3,,,,
328,3,,,,
329,3,,,,
330,3,,,,
331,3,,,,
332,3,,,,
333,3,,,,
334,3,,,,
335,3,,,,
336,3,,,,
337,3,,,,
338,3,,,,
339,3,,,,
340,3,,,,
341,3,,,,
342,3,,,,
343,3,,,,
344,3,,,,
345,3,,,,
346,3,,,,
347,3,,,,
348,3,,,,
349,3,,,,
350,3,,,,
351,3,,,,
352,3,,,,
353,3,,,,
354,3,,,,
355,3,,,,
356,3,,,,
357,3,,,,
358,3,,,,
359,3,,,,
360,3,,,,
361,3,,,,
362,3,,,,
363,3,,,,
364,3,,,,
365,3,,,,
366,3,,,,
367,3,,,,
368,3,,,,
369,3,,,,
370,3,,,,
371,3,,,,
372,3,,,,
373,3,,,,
374,3,,,,
375,3,,,,
376,3,,,,
377,3,,,,
378,3,,,,
379,3,,,,
380,3,,,,
381,3,,,,
382,3,,,,
383,3,,,,
384,3,,,,
385,3,,,,
386,3,,,,
387,3,,,,
388,3,,,,
389,3,,,,
390,3,,,,
391,3,,,,
392,3,,,,
393,3,,,,
394,3,,,,
395,3,,,,
396,3,,,,
397,3,,,,
398,3,,,,
399,3,,,,
400,3,,,,
401,3,,,,
402,3,,,,
403,3,,,,
404,3,,,,
405,3,,,,
406,3,,,,
407,3,,,,
408,3,,,,
409,3,,,,
410,3,,,,
411,3,,,,
412,3,,,,
413,3,,,,
414,3,,,,
415,3,,,,
416,3,,,,
417,3,,,,
418,3,,,,
419,3,,,,
420,3,,,,
421,3,,,,
422,3,,,,
423,3,,,,
424,3,,,,
425,3,,,,
426,3,,,,
427,3,,,,
428,3,,,,
429,3,,,,
430,3,,,,
431,3,,,,
432,3,,,,
433,3,,,,
434,3,,,,
435,3,,,,
436,3,,,,
437,3,,,,
438,3,,,,
439,3,,,,
440,3,,,,
441,3,,,,
442,3,,,,
443,3,,,,
444,3,,,,
445,3,,,,
446,3,,,,
447,3,,,,
448,3,,,,
449,3,,,,
450,3,,,,
451,3,,,,
452,3,,,,
453,3,,,,
454,3,,,,
455,3,,,,
456,3,,,,
457,3,,,,
458,3,,,,
459,3,,,,
460,3,,,,
461,3,,,,
462,3,,,,
463,3,,,,
464,3,,,,
465,3,,,,
466,3,,,,
467,3,,,,
468,3,,,,
469,3,,,,
470,3,,,,
471,3,,,,
472,3,,,,
473,3,,,,
474,3,,,,
475,3,,,,
476,3,,,,
477,3,,,,
478,3,,,,
479,3,,,,
480,3,,,,
481,3,,,,
482,3,,,,
483,3,,,,
484,3,,,,
485,3,,,,
486,3,,,,
487,3,,,,
488,3,,,,
489,3,,,,
490,3,,,,
491,3,,,,
492,3,,,,
493,3,,,,
494,3,,,,
495,2,,,,
496,2,,,,
497,2,,,,
498,2,,,,
499,2,,,,
500,2,,,,
501,2,,,,
502,2,,,,
503,2,,,,
504,2,,,,
505,2,,,,
506,2,,,,
507,2,,,,
508,2,,,,
509,2,,,,
510,2,,,,
511,2,,,,
512,2,,,,
513,2,,,,
514,2,,,,
515,2,,,,
516,2,,,,
517,2,,,,
518,2,,,,
519,2,,,,
520,2,,,,
521,2,,,,
522,2,,,,
523,2,,,,
524,2,,,,
525,2,,,,
526,2,,,,
527,2,,,,
528,1,,,,
529,1,,,,
530,1,,,,
531,1,,,,
532,1,,,,
533,1,,,,
534,1,,,,
535,1,,,,
536,1,,,,
537,1,,,,
538,1,,,,
539,1,,,,
540,1,,,,
541,1,,,,
542,1,,,,
543,1,,,,
544,1,,,,
545,1,,,,
546,1,,,,
547,1,,,,
548,1,,,,
549,1,,,,
550,1,,,,
551,1,,,,
552,1,,,,
553,1,,,,
554,1,,,,
555,1,,,,
556,1,,,,
557,1,,,,
558,1,,,,
559,1,,,,
560,1,,,,
561,1,,,,
562,1,,,,
563,1,,,,
564,1,,,,
565,1,,,,
566,1,,,,
567,1,,,,
568,1,,,,
569,1,,,,
570,1,,,,
571,1,,,,
572,1,,,,
573,1,,,,
574,1,,,,
575,1,,,,
576,1,,,,
577,1,,,,
578,1,,,,
579,1,,,,
580,1,,,,
581,1,,,,
582,1,,,,
583,1,,,,
584,1,,,,
585,1,,,,
586,1,,,,
587,1,,,,
588,1,,,,
589,1,,,,
590,1,,,,
591,1,,,,
592,1,,,,
593,1,,,,
594,1,,,,
595,1,,,,
596,1,,,,
597,1,,,,
598,1,,,,
599,1,,,,
600,1,,,,
601,1,,,,
602,1,,,,
603,1,,,,
604,1,,,,
605,1,,,,
606,1,,,,
607,1,,,,
608,1,,,,
609,1,,,,
610,1,,,,
611,1,,,,
612,1,,,,
613,1,,,,
614,1,,,,
615,1,,,,
616,1,,,,
617,1,,,,
618,1,,,,
619,1,,,,
620,1,,,,
621,1,,,,
622,1,,,,
623,1,,,,
624,1,,,,
625,1,,,,
626,1,,,,
627,1,,,,
628,1,,,,
629,1,,,,
630,1,,,,
631,1,,,,
632,1,,,,
633,1,,,,
634,1,,,,
635,1,,,,
636,1,,,,
637,1,,,,
638,1,,,,
639,1,,,,
640,1,,,,
641,1,,,,
642,1,,,,
643,1,,,,
644,1,,,,
645,1,,,,
646,1,,,,
647,1,,,,
648,1,,,,
649,1,,,,
650,1,,,,
651,1,,,,
652,1,,,,
653,1,,,,
654,1,,,,
655,1,,,,
656,1,,,,
657,1,,,,
658,1,,,,
659,1,,,,
660,1,,,,
661,1,,,,
662,1,,,,
663,1,,,,
664,1,,,,
665,1,,,,
666,1,,,,
667,1,,,,
668,1,,,,
669,1,,,,
670,1,,,,
671,1,,,,
672,1,,,,
673,1,,,,
674,1,,,,
675,1,,,,
676,1,,,,
677,1,,,,
678,1,,,,
679,1,,,,
680,1,,,,
681,1,,,,
682,1,,,,
683,1,,,,
684,1,,,,
685,1,,,,
686,1,,,,
687,1,,,,
688,1,,,,
689,1,,,,
690,1,,,,
691,1,,,,
692,1,,,,
693,1,,,,
694,1,,,,
695,1,,,,
696,1,,,,
697,1,,,,
698,1,,,,
699,1,,,,
700,1,,,,
701,1,,,,
702,1,,,,
703,1,,,,
704,1,,,,
705,1,,,,
706,1,,,,
707,1,,,,
708,1,,,,
709,1,,,,
710,1,,,,
711,1,,,,
712,1,,,,
713,1,,,,
714,1,,,,
715,1,,,,
716,1,,,,
717,1,,,,
718,1,,,,
719,1,,,,
720,1,,,,
721,1,,,,
722,1,,,,
723,1,,,,
724,1,,,,
725,1,,,,
726,1,,,,
727,1,,,,
728,1,,,,
729,1,,,,
730,1,,,,
731,1,,,,
732,1,,,,
733,1,,,,
734,1,,,,
735,1,,,,
736,1,,,,
737,1,,,,
738,1,,,,
739,1,,,,
740,1,,,,
741,1,,,,
742,1,,,,
743,1,,,,
744,1,,,,
745,1,,,,
746,1,,,,
747,1,,,,
748,1,,,,
749,1,,,,
750,1,,,,
751,1,,,,
752,1,,,,
753,1,,,,
754,1,,,,
755,1,,,,
756,1,,,,
757,1,,,,
758,1,,,,
